{
  "colors" : [
    {
      "color" : {
        "color-space" : "srgb",
        "components" : {
          "alpha" : "1.000",
          "blue" : "0xE6",
          "green" : "0xE2",
          "red" : "0xDE"
        }
      },
      "idiom" : "universal"
    },
    {
      "appearances" : [
        {
          "appearance" : "luminosity",
          "value" : "light"
        }
      ],
      "color" : {
        "color-space" : "srgb",
        "components" : {
          "alpha" : "1.000",
          "blue" : "0xEF",
          "green" : "0xEC",
          "red" : "0xE9"
        }
      },
      "idiom" : "universal"
    },
    {
      "appearances" : [
        {
          "appearance" : "luminosity",
          "value" : "dark"
        }
      ],
      "color" : {
        "color-space" : "srgb",
        "components" : {
          "alpha" : "1.000",
          "blue" : "0xDA",
          "green" : "0xD4",
          "red" : "0xCE"
        }
      },
      "idiom" : "universal"
    }
  ],
  "info" : {
    "author" : "xcode",
    "version" : 1
  }
}
